linkSource,linkTarget
%C3%85land,Abkhazia
%E2%82%AC2_commemorative_coins,%C3%85land
10th_century,9th_century
10th_century,11th_century
10th_century,8th_century
10th_century,9th_century
10th_century,11th_century
10th_century,12th_century
10th_century,1st_century_BC
10th_century,1st_century
10th_century,2nd_century
10th_century,3rd_century
10th_century,4th_century
10th_century,5th_century
10th_century,6th_century
10th_century,7th_century
10th_century,8th_century
10th_century,9th_century
10th_century,11th_century
10th_century,12th_century
10th_century,13th_century
10th_century,14th_century
10th_century,15th_century
10th_century,16th_century
10th_century,17th_century
10th_century,18th_century
10th_century,19th_century
10th_century,20th_century
10th_century,21st_century
11th_century,10th_century
11th_century,12th_century
11th_century,Abbasid
11th_century,Abbasid
11th_century,Abbasid
11th_century,Abacus
11th_century,9th_century
11th_century,10th_century
11th_century,12th_century
11th_century,13th_century
11th_century,1st_century_BC
11th_century,1st_century
11th_century,2nd_century
11th_century,3rd_century
11th_century,4th_century
11th_century,5th_century
11th_century,6th_century
11th_century,7th_century
11th_century,8th_century
11th_century,9th_century
11th_century,10th_century
11th_century,12th_century
11th_century,13th_century
11th_century,14th_century
11th_century,15th_century
11th_century,16th_century
11th_century,17th_century
11th_century,18th_century
11th_century,19th_century
11th_century,20th_century
11th_century,21st_century
12th_century,11th_century
12th_century,13th_century
12th_century,10th_century
12th_century,11th_century
12th_century,13th_century
12th_century,14th_century
12th_century,1st_century_BC
12th_century,1st_century
12th_century,2nd_century
12th_century,3rd_century
12th_century,4th_century
12th_century,5th_century
12th_century,6th_century
12th_century,7th_century
12th_century,8th_century
12th_century,9th_century
12th_century,10th_century
12th_century,11th_century
12th_century,13th_century
12th_century,14th_century
12th_century,15th_century
12th_century,16th_century
12th_century,17th_century
12th_century,18th_century
12th_century,19th_century
12th_century,20th_century
12th_century,21st_century
13th_century,12th_century
13th_century,14th_century
13th_century,11th_century
13th_century,12th_century
13th_century,14th_century
13th_century,15th_century
13th_century,1st_century_BC
13th_century,1st_century
13th_century,2nd_century
13th_century,3rd_century
13th_century,4th_century
13th_century,5th_century
13th_century,6th_century
13th_century,7th_century
13th_century,8th_century
13th_century,9th_century
13th_century,10th_century
13th_century,11th_century
13th_century,12th_century
13th_century,14th_century
13th_century,15th_century
13th_century,16th_century
13th_century,17th_century
13th_century,18th_century
13th_century,19th_century
13th_century,20th_century
13th_century,21st_century
14th_century,13th_century
14th_century,15th_century
14th_century,12th_century
14th_century,13th_century
14th_century,15th_century
14th_century,16th_century
14th_century,1st_century_BC
14th_century,1st_century
14th_century,2nd_century
14th_century,3rd_century
14th_century,4th_century
14th_century,5th_century
14th_century,6th_century
14th_century,7th_century
14th_century,8th_century
14th_century,9th_century
14th_century,10th_century
14th_century,11th_century
14th_century,12th_century
14th_century,13th_century
14th_century,15th_century
14th_century,16th_century
14th_century,17th_century
14th_century,18th_century
14th_century,19th_century
14th_century,20th_century
14th_century,21st_century
15th_century,14th_century
15th_century,16th_century
15th_century,13th_century
15th_century,14th_century
15th_century,16th_century
15th_century,17th_century
15th_century,1st_century_BC
15th_century,1st_century
15th_century,2nd_century
15th_century,3rd_century
15th_century,4th_century
15th_century,5th_century
15th_century,6th_century
15th_century,7th_century
15th_century,8th_century
15th_century,9th_century
15th_century,10th_century
15th_century,11th_century
15th_century,12th_century
15th_century,13th_century
15th_century,14th_century
15th_century,16th_century
15th_century,17th_century
15th_century,18th_century
15th_century,19th_century
15th_century,20th_century
15th_century,21st_century
16_Cygni,16_Cygni_Bb
16_Cygni,16_Cygni_Bb
16_Cygni_Bb,16_Cygni
16th_century,15th_century
16th_century,17th_century
16th_century,19th_century
16th_century,20th_century
16th_century,15th_century
16th_century,Abbas_I_of_Persia
16th_century,Abbas_I_of_Persia
16th_century,14th_century
16th_century,15th_century
16th_century,17th_century
16th_century,18th_century
16th_century,1st_century_BC
16th_century,1st_century
16th_century,2nd_century
16th_century,3rd_century
16th_century,4th_century
16th_century,5th_century
16th_century,6th_century
16th_century,7th_century
16th_century,8th_century
16th_century,9th_century
16th_century,10th_century
16th_century,11th_century
16th_century,12th_century
16th_century,13th_century
16th_century,14th_century
16th_century,15th_century
16th_century,17th_century
16th_century,18th_century
16th_century,19th_century
16th_century,20th_century
16th_century,21st_century
17th_century,16th_century
17th_century,18th_century
17th_century,Abbas_I_of_Persia
17th_century,15th_century
17th_century,16th_century
17th_century,18th_century
17th_century,19th_century
17th_century,1st_century_BC
17th_century,1st_century
17th_century,2nd_century
17th_century,3rd_century
17th_century,4th_century
17th_century,5th_century
17th_century,6th_century
17th_century,7th_century
17th_century,8th_century
17th_century,9th_century
17th_century,10th_century
17th_century,11th_century
17th_century,12th_century
17th_century,13th_century
17th_century,14th_century
17th_century,15th_century
17th_century,16th_century
17th_century,18th_century
17th_century,19th_century
17th_century,20th_century
17th_century,21st_century
18th_century,17th_century
18th_century,19th_century
18th_century,1755_Lisbon_earthquake
18th_century,A_Tale_of_a_Tub
18th_century,16th_century
18th_century,17th_century
18th_century,19th_century
18th_century,20th_century
18th_century,1st_century_BC
18th_century,1st_century
18th_century,2nd_century
18th_century,3rd_century
18th_century,4th_century
18th_century,5th_century
18th_century,6th_century
18th_century,7th_century
18th_century,8th_century
18th_century,9th_century
18th_century,10th_century
18th_century,11th_century
18th_century,12th_century
18th_century,13th_century
18th_century,14th_century
18th_century,15th_century
18th_century,16th_century
18th_century,17th_century
18th_century,19th_century
18th_century,20th_century
18th_century,21st_century
1928_Okeechobee_Hurricane,2004_Atlantic_hurricane_season
1928_Okeechobee_Hurricane,2005_Atlantic_hurricane_season
1973_oil_crisis,Able_Archer_83
19th_century,18th_century
19th_century,20th_century
19th_century,18th_century
19th_century,20th_century
19th_century,Abraham_Lincoln
19th_century,%C3%89douard_Manet
19th_century,17th_century
19th_century,18th_century
19th_century,20th_century
19th_century,21st_century
19th_century,1st_century_BC
19th_century,1st_century
19th_century,2nd_century
19th_century,3rd_century
19th_century,4th_century
19th_century,5th_century
19th_century,6th_century
19th_century,7th_century
19th_century,8th_century
19th_century,9th_century
19th_century,10th_century
19th_century,11th_century
19th_century,12th_century
19th_century,13th_century
19th_century,14th_century
19th_century,15th_century
19th_century,16th_century
19th_century,17th_century
19th_century,18th_century
19th_century,20th_century
19th_century,21st_century
1_Ceres,3_Juno
1_Ceres,4_Vesta
1_Ceres,4_Vesta
1_Ceres,4_Vesta
1_Ceres,4_Vesta
1_Ceres,4_Vesta
1_Ceres,4_Vesta
1_Ceres,3_Juno
1_Ceres,4_Vesta
1st_century,1st_century_BC
1st_century,2nd_century
1st_century,1st_century_BC
1st_century,1st_century_BC
1st_century,2nd_century
1st_century,3rd_century
1st_century,1st_century_BC
1st_century,2nd_century
1st_century,3rd_century
1st_century,4th_century
1st_century,5th_century
1st_century,6th_century
1st_century,7th_century
1st_century,8th_century
1st_century,9th_century
1st_century,10th_century
1st_century,11th_century
1st_century,12th_century
1st_century,13th_century
1st_century,14th_century
1st_century,15th_century
1st_century,16th_century
1st_century,17th_century
1st_century,18th_century
1st_century,19th_century
1st_century,20th_century
1st_century,21st_century
1st_century_BC,1st_century
1st_century_BC,1st_century
1st_century_BC,2nd_century
1st_century_BC,1st_century
1st_century_BC,2nd_century
1st_century_BC,3rd_century
1st_century_BC,4th_century
1st_century_BC,5th_century
1st_century_BC,6th_century
1st_century_BC,7th_century
1st_century_BC,8th_century
1st_century_BC,9th_century
1st_century_BC,10th_century
1st_century_BC,11th_century
1st_century_BC,12th_century
1st_century_BC,13th_century
1st_century_BC,14th_century
1st_century_BC,15th_century
1st_century_BC,16th_century
1st_century_BC,17th_century
1st_century_BC,18th_century
1st_century_BC,19th_century
1st_century_BC,20th_century
1st_century_BC,21st_century
2-6-0,4-4-0
2-6-0,4-6-0
2-6-0,4-6-0
2-6-0,4-6-0
2-6-0,4-2-0
2-6-0,6-2-0
2-6-0,4-4-0
2-6-0,4-6-0
2-6-0,2-8-0
2-8-0,2-6-0
2-8-0,4-4-0
2-8-0,4-2-0
2-8-0,6-2-0
2-8-0,4-4-0
2-8-0,2-6-0
2-8-0,4-6-0
2003_Atlantic_hurricane_season,2004_Atlantic_hurricane_season
2003_Atlantic_hurricane_season,2005_Atlantic_hurricane_season
2003_Atlantic_hurricane_season,2004_Atlantic_hurricane_season
2003_Atlantic_hurricane_season,2005_Atlantic_hurricane_season
2004_Atlantic_hurricane_season,2003_Atlantic_hurricane_season
2004_Atlantic_hurricane_season,2005_Atlantic_hurricane_season
2004_Atlantic_hurricane_season,2005_Atlantic_hurricane_season
2004_Atlantic_hurricane_season,2005_Atlantic_hurricane_season
2004_Atlantic_hurricane_season,2005_Atlantic_hurricane_season
2004_Atlantic_hurricane_season,2005_Atlantic_hurricane_season
2004_Atlantic_hurricane_season,2005_Atlantic_hurricane_season
2004_Atlantic_hurricane_season,2005_Atlantic_hurricane_season
2004_Atlantic_hurricane_season,2005_Atlantic_hurricane_season
2004_Atlantic_hurricane_season,2003_Atlantic_hurricane_season
2004_Atlantic_hurricane_season,2005_Atlantic_hurricane_season
2004_Indian_Ocean_earthquake,2005_Kashmir_earthquake
2004_Indian_Ocean_earthquake,2005_Kashmir_earthquake
2005_Atlantic_hurricane_season,2003_Atlantic_hurricane_season
2005_Atlantic_hurricane_season,2004_Atlantic_hurricane_season
2005_Atlantic_hurricane_season,2004_Atlantic_hurricane_season
2005_Atlantic_hurricane_season,2004_Atlantic_hurricane_season
2005_Atlantic_hurricane_season,2004_Atlantic_hurricane_season
2005_Atlantic_hurricane_season,2004_Atlantic_hurricane_season
2005_Atlantic_hurricane_season,2004_Atlantic_hurricane_season
2005_Atlantic_hurricane_season,2003_Atlantic_hurricane_season
2005_Atlantic_hurricane_season,2004_Atlantic_hurricane_season
2005_Kashmir_earthquake,2005_Lake_Tanganyika_earthquake
2005_Lake_Tanganyika_earthquake,2005_Kashmir_earthquake
2005_Sumatra_earthquake,2004_Indian_Ocean_earthquake
2005_Sumatra_earthquake,2004_Indian_Ocean_earthquake
2005_Sumatra_earthquake,2005_Kashmir_earthquake
2005_Sumatra_earthquake,2005_Lake_Tanganyika_earthquake
20th_century,19th_century
20th_century,21st_century
20th_century,1973_oil_crisis
20th_century,19th_century
20th_century,21st_century
20th_century,18th_century
20th_century,19th_century
20th_century,21st_century
20th_century,1st_century_BC
20th_century,1st_century
20th_century,2nd_century
20th_century,3rd_century
20th_century,4th_century
20th_century,5th_century
20th_century,6th_century
20th_century,7th_century
20th_century,8th_century
20th_century,9th_century
20th_century,10th_century
20th_century,11th_century
20th_century,12th_century
20th_century,13th_century
20th_century,14th_century
20th_century,15th_century
20th_century,16th_century
20th_century,17th_century
20th_century,18th_century
20th_century,19th_century
20th_century,21st_century
21st_century,20th_century
21st_century,Abkhazia
21st_century,Abkhazia
21st_century,Abkhazia
21st_century,2005_Atlantic_hurricane_season
21st_century,2005_Kashmir_earthquake
21st_century,2005_Kashmir_earthquake
21st_century,20th_century
21st_century,19th_century
21st_century,20th_century
21st_century,1st_century_BC
21st_century,1st_century
21st_century,2nd_century
21st_century,3rd_century
21st_century,4th_century
21st_century,5th_century
21st_century,6th_century
21st_century,7th_century
21st_century,8th_century
21st_century,9th_century
21st_century,10th_century
21st_century,11th_century
21st_century,12th_century
21st_century,13th_century
21st_century,14th_century
21st_century,15th_century
21st_century,16th_century
21st_century,17th_century
21st_century,18th_century
21st_century,19th_century
21st_century,20th_century
2nd_century,1st_century
2nd_century,3rd_century
2nd_century,1st_century_BC
2nd_century,1st_century
2nd_century,3rd_century
2nd_century,4th_century
2nd_century,1st_century_BC
2nd_century,1st_century
2nd_century,3rd_century
2nd_century,4th_century
2nd_century,5th_century
2nd_century,6th_century
2nd_century,7th_century
2nd_century,8th_century
2nd_century,9th_century
2nd_century,10th_century
2nd_century,11th_century
2nd_century,12th_century
2nd_century,13th_century
2nd_century,14th_century
2nd_century,15th_century
2nd_century,16th_century
2nd_century,17th_century
2nd_century,18th_century
2nd_century,19th_century
2nd_century,20th_century
2nd_century,21st_century
3_Juno,4_Vesta
3_Juno,1_Ceres
3_Juno,4_Vesta
3_Juno,4_Vesta
3_Juno,90377_Sedna
3_Juno,4_Vesta
3_Juno,4_Vesta
3_Juno,4_Vesta
3rd_century,2nd_century
3rd_century,4th_century
3rd_century,1st_century
3rd_century,2nd_century
3rd_century,4th_century
3rd_century,5th_century
3rd_century,1st_century_BC
3rd_century,1st_century
3rd_century,2nd_century
3rd_century,4th_century
3rd_century,5th_century
3rd_century,6th_century
3rd_century,7th_century
3rd_century,8th_century
3rd_century,9th_century
3rd_century,10th_century
3rd_century,11th_century
3rd_century,12th_century
3rd_century,13th_century
3rd_century,14th_century
3rd_century,15th_century
3rd_century,16th_century
3rd_century,17th_century
3rd_century,18th_century
3rd_century,19th_century
3rd_century,20th_century
3rd_century,21st_century
4-2-0,4-4-0
4-2-0,4-4-0
4-2-0,6-2-0
4-2-0,4-4-0
4-2-0,2-6-0
4-2-0,4-6-0
4-2-0,2-8-0
4-4-0,4-2-0
4-4-0,4-2-0
4-4-0,4-2-0
4-4-0,2-6-0
4-4-0,2-8-0
4-4-0,4-6-0
4-4-0,4-2-0
4-4-0,6-2-0
4-4-0,2-6-0
4-4-0,4-6-0
4-4-0,2-8-0
4-6-0,2-6-0
4-6-0,4-4-0
4-6-0,2-8-0
4-6-0,4-4-0
4-6-0,4-4-0
4-6-0,4-4-0
4-6-0,4-4-0
4-6-0,4-4-0
4-6-0,4-2-0
4-6-0,6-2-0
4-6-0,4-4-0
4-6-0,2-6-0
4-6-0,2-8-0
47_Ursae_Majoris,47_Ursae_Majoris_b
47_Ursae_Majoris,47_Ursae_Majoris_c
47_Ursae_Majoris,47_Ursae_Majoris_b
47_Ursae_Majoris,47_Ursae_Majoris_c
47_Ursae_Majoris,47_Ursae_Majoris_b
47_Ursae_Majoris,47_Ursae_Majoris_c
47_Ursae_Majoris,47_Ursae_Majoris_b
47_Ursae_Majoris,47_Ursae_Majoris_c
47_Ursae_Majoris_b,47_Ursae_Majoris
47_Ursae_Majoris_b,47_Ursae_Majoris
47_Ursae_Majoris_b,47_Ursae_Majoris
47_Ursae_Majoris_b,47_Ursae_Majoris
47_Ursae_Majoris_b,47_Ursae_Majoris_c
47_Ursae_Majoris_c,47_Ursae_Majoris
47_Ursae_Majoris_c,47_Ursae_Majoris
47_Ursae_Majoris_c,47_Ursae_Majoris_b
47_Ursae_Majoris_c,47_Ursae_Majoris
47_Ursae_Majoris_c,47_Ursae_Majoris_b
4_Vesta,3_Juno
4_Vesta,1_Ceres
4_Vesta,1_Ceres
4_Vesta,3_Juno
4_Vesta,3_Juno
4th_century,3rd_century
4th_century,5th_century
4th_century,2nd_century
4th_century,3rd_century
4th_century,5th_century
4th_century,6th_century
4th_century,1st_century_BC
4th_century,1st_century
4th_century,2nd_century
4th_century,3rd_century
4th_century,5th_century
4th_century,6th_century
4th_century,7th_century
4th_century,8th_century
4th_century,9th_century
4th_century,10th_century
4th_century,11th_century
4th_century,12th_century
4th_century,13th_century
4th_century,14th_century
4th_century,15th_century
4th_century,16th_century
4th_century,17th_century
4th_century,18th_century
4th_century,19th_century
4th_century,20th_century
4th_century,21st_century
55_Cancri,55_Cancri_b
55_Cancri,55_Cancri_c
55_Cancri,55_Cancri_d
55_Cancri,55_Cancri_e
55_Cancri,55_Cancri_e
55_Cancri,55_Cancri_b
55_Cancri,55_Cancri_c
55_Cancri,55_Cancri_d
55_Cancri,55_Cancri_d
55_Cancri,55_Cancri_c
55_Cancri,55_Cancri_e
55_Cancri,55_Cancri_c
55_Cancri,55_Cancri_e
55_Cancri,55_Cancri_b
55_Cancri,55_Cancri_c
55_Cancri,55_Cancri_d
55_Cancri,55_Cancri_b
55_Cancri,55_Cancri_c
55_Cancri,55_Cancri_d
55_Cancri,55_Cancri_e
55_Cancri_b,55_Cancri
55_Cancri_b,55_Cancri
55_Cancri_b,55_Cancri
55_Cancri_b,55_Cancri_d
55_Cancri_b,55_Cancri_c
55_Cancri_b,55_Cancri_e
55_Cancri_b,55_Cancri
55_Cancri_b,55_Cancri_e
55_Cancri_b,55_Cancri_c
55_Cancri_b,55_Cancri_d
55_Cancri_b,55_Cancri
55_Cancri_b,55_Cancri_c
55_Cancri_b,55_Cancri_d
55_Cancri_b,55_Cancri_e
55_Cancri_c,55_Cancri
55_Cancri_c,55_Cancri
55_Cancri_c,55_Cancri_b
55_Cancri_c,55_Cancri_d
55_Cancri_c,55_Cancri_e
55_Cancri_c,55_Cancri
55_Cancri_c,55_Cancri_e
55_Cancri_c,55_Cancri_b
55_Cancri_c,55_Cancri_d
55_Cancri_c,55_Cancri
55_Cancri_c,55_Cancri_b
55_Cancri_c,55_Cancri_d
55_Cancri_c,55_Cancri_e
55_Cancri_d,55_Cancri
55_Cancri_d,55_Cancri
55_Cancri_d,55_Cancri_b
55_Cancri_d,55_Cancri_c
55_Cancri_d,55_Cancri
55_Cancri_d,55_Cancri_e
55_Cancri_d,55_Cancri_b
55_Cancri_d,55_Cancri_c
55_Cancri_d,55_Cancri
55_Cancri_d,55_Cancri_b
55_Cancri_d,55_Cancri_c
55_Cancri_d,55_Cancri_e
55_Cancri_e,55_Cancri
55_Cancri_e,55_Cancri
55_Cancri_e,55_Cancri_c
55_Cancri_e,55_Cancri_b
55_Cancri_e,55_Cancri
55_Cancri_e,55_Cancri_b
55_Cancri_e,55_Cancri_c
55_Cancri_e,55_Cancri_d
55_Cancri_e,55_Cancri
55_Cancri_e,55_Cancri_b
55_Cancri_e,55_Cancri_c
55_Cancri_e,55_Cancri_d
5th_century,4th_century
5th_century,6th_century
5th_century,3rd_century
5th_century,4th_century
5th_century,6th_century
5th_century,7th_century
5th_century,1st_century_BC
5th_century,1st_century
5th_century,2nd_century
5th_century,3rd_century
5th_century,4th_century
5th_century,6th_century
5th_century,7th_century
5th_century,8th_century
5th_century,9th_century
5th_century,10th_century
5th_century,11th_century
5th_century,12th_century
5th_century,13th_century
5th_century,14th_century
5th_century,15th_century
5th_century,16th_century
5th_century,17th_century
5th_century,18th_century
5th_century,19th_century
5th_century,20th_century
5th_century,21st_century
6-2-0,4-2-0
6-2-0,4-4-0
6-2-0,2-6-0
6-2-0,4-6-0
6-2-0,2-8-0
6th_century,5th_century
6th_century,7th_century
6th_century,4th_century
6th_century,5th_century
6th_century,7th_century
6th_century,8th_century
6th_century,1st_century_BC
6th_century,1st_century
6th_century,2nd_century
6th_century,3rd_century
6th_century,4th_century
6th_century,5th_century
6th_century,7th_century
6th_century,8th_century
6th_century,9th_century
6th_century,10th_century
6th_century,11th_century
6th_century,12th_century
6th_century,13th_century
6th_century,14th_century
6th_century,15th_century
6th_century,16th_century
6th_century,17th_century
6th_century,18th_century
6th_century,19th_century
6th_century,20th_century
6th_century,21st_century
7th_century,6th_century
7th_century,8th_century
7th_century,5th_century
7th_century,6th_century
7th_century,8th_century
7th_century,9th_century
7th_century,1st_century_BC
7th_century,1st_century
7th_century,2nd_century
7th_century,3rd_century
7th_century,4th_century
7th_century,5th_century
7th_century,6th_century
7th_century,8th_century
7th_century,9th_century
7th_century,10th_century
7th_century,11th_century
7th_century,12th_century
7th_century,13th_century
7th_century,14th_century
7th_century,15th_century
7th_century,16th_century
7th_century,17th_century
7th_century,18th_century
7th_century,19th_century
7th_century,20th_century
7th_century,21st_century
8th_century,7th_century
8th_century,9th_century
8th_century,Abbasid
8th_century,Abbasid
8th_century,6th_century
8th_century,7th_century
8th_century,9th_century
8th_century,10th_century
8th_century,1st_century_BC
8th_century,1st_century
8th_century,2nd_century
8th_century,3rd_century
8th_century,4th_century
8th_century,5th_century
8th_century,6th_century
8th_century,7th_century
8th_century,9th_century
8th_century,10th_century
8th_century,11th_century
8th_century,12th_century
8th_century,13th_century
8th_century,14th_century
8th_century,15th_century
8th_century,16th_century
8th_century,17th_century
8th_century,18th_century
8th_century,19th_century
8th_century,20th_century
8th_century,21st_century
90377_Sedna,4_Vesta
90377_Sedna,4_Vesta
9th_century,8th_century
9th_century,10th_century
9th_century,Aachen
9th_century,Abbasid
9th_century,7th_century
9th_century,8th_century
9th_century,10th_century
9th_century,11th_century
9th_century,1st_century_BC
9th_century,1st_century
9th_century,2nd_century
9th_century,3rd_century
9th_century,4th_century
9th_century,5th_century
9th_century,6th_century
9th_century,7th_century
9th_century,8th_century
9th_century,10th_century
9th_century,11th_century
9th_century,12th_century
9th_century,13th_century
9th_century,14th_century
9th_century,15th_century
9th_century,16th_century
9th_century,17th_century
9th_century,18th_century
9th_century,19th_century
9th_century,20th_century
9th_century,21st_century
Abac%C3%A1,Abacus
Abacus,ASCII
Abadan,Abbasid
Abbey,Abbot
Abbey,Abbot
Abbot,Abbey
Abbot,Abbey
Abbot,Abbey
Aberdeen,Aberystwyth
Abkhazia,%C3%85land
Able_Archer_83,1973_oil_crisis
Able_Archer_83,1973_oil_crisis
Absinthe,%C3%89douard_Manet
Absinthe,%C3%89douard_Manet
Absinthe,%C3%89douard_Manet
Absolute_zero,90377_Sedna
